path,bytes,sha256
clinic_inventory/AGENTS.md,3392,369bb6ac7c81110fb59759498ff9658c6bd4e1424fa30eb1f7e1780c6b2638cc
clinic_inventory/BUILD_ID.txt,236,2af96abf1ec66e17d1ccf68f551ae85439e611f7c9f1e2e1e17165140e62b7f8
clinic_inventory/__init__.py,74,882c6c833a78d4662df95b42331166332ec85ea71034cfee852b42d42eaa429b
clinic_inventory/__manifest__.py,1946,6172f9d0e998c639c4295d16e1ceba8df74508e2ed3603c1b3fb1e6f449b20b4
clinic_inventory/controllers/__init__.py,53,2990209fea27a2c2aad2b2a814bccc3373cacd33710d0f9a70a4c4dc04e22149
clinic_inventory/controllers/controllers.py,837,3e5beca258c8906886b6b3974e849fffc31a6060bd429013dfd643c78b73d171
clinic_inventory/data/clinic_inventory_sequence.xml,857,699e0ba701aa4874faff0b44ceb0043c64853238bb7a7138b7b7c06ead7c83f3
clinic_inventory/demo/demo.xml,977,4104d4c501d85af38775420d282772bb6848c26ad269e3b04070701db90b3ae4
clinic_inventory/docs/CLINIC_INVENTORY_BASELINE_CONTRACT.json,29312,dca043149e2585a1081c858f36e45e00e23f1ad2227a5014345f663dae970755
clinic_inventory/docs/CLINIC_INVENTORY_ENTERPRISE_COMPLETENESS_MATRIX.md,1924,1a51bf4d70545601fcb52f620dfbb087f8de888f5577afb2fa61d7f63a4a26df
clinic_inventory/docs/CLINIC_INVENTORY_ENTERPRISE_DEVELOPMENT_GUARDRAIL.md,3309,2fabe8859b925f5837567af85a8a5b8a0e66c42b51a842e27983d8035d2bbb61
clinic_inventory/docs/CLINIC_INVENTORY_NATIVE_PRODUCT_BOUNDARY_FIX_2026-08-19.md,2163,013670fe9a5454e2e99d444f6a0c54fb140dd7a443504478aa2fabee0cdb5e00
clinic_inventory/docs/CLINIC_INVENTORY_ODOO19_HARDENING.patch,93849,747b8da565488224ee63acf004a3b200c37fc7f62a4f3131dd4e3ce543299e6b
clinic_inventory/docs/CLINIC_INVENTORY_ODOO19_REVIEW.md,5043,ef552d811697acaed51200fe3151c06938366bbd6d3d8e6fd0d57d7772d8337c
clinic_inventory/docs/CLINIC_INVENTORY_ROOT_CAUSE_AUDIT_AFTER_RETRY_LIMIT.md,1730,61df9ed77a2ede8604b1fc574eaac61c178d84c1ca605eecb61841a0719783fe
clinic_inventory/docs/CLINIC_INVENTORY_RUNTIME_FIX_19.0.1.0.2.md,2053,a664d893808279e79ef2812b422546e078f35d1cbd17d43ddfac8ee6b241a43e
clinic_inventory/docs/CLINIC_INVENTORY_RUNTIME_FIX_ATTEMPT2.md,1640,ff479c78cdb1b83c3eb0d0fdb7366f87ea306ef4e4888bb93f27743b1edccf78
clinic_inventory/docs/CLINIC_INVENTORY_STRUCTURAL_INVENTORY.md,19639,017c58bd4ce891b1a54abd5dd23a117eedec1f2c88eac587b824185c6eae0872
clinic_inventory/docs/CLINIC_INVENTORY_UI_UX_MATRIX.md,2256,084207d8b02a3c1d7ae29d3784660581419cf280d4b4e23e8d1072a28e6208aa
clinic_inventory/models/__init__.py,1193,bce7f63d58692792689a34cedc3218557d4792ab569f2ef50afe4e7386b2933d
clinic_inventory/models/doctor_allowed_products.py,17402,3a07fb2b659bd81c0ce5b504fd320dbfcc9deb0f9b8b4751e7cd8b40241eae6e
clinic_inventory/models/integration_hooks.py,16679,2c787b15b1d5fb06b3e257aa091b140b44680f42a848b5ee1c81029580f457e9
clinic_inventory/models/inventory_adjustment.py,29804,6ee68384398297cb25734bcb2eb5cf2e2ceeee28875eb37cbad43b29d3896ace
clinic_inventory/models/models.py,513,0b21e8fd467f8bed8bc4cf814ad833abc3ecf24fe9389fa7a4f96d9129afca98
clinic_inventory/models/patient_product_history.py,20978,43fddccfe0fa453dcec298c6ba277a4dce2267658de4e22022effe8d140fa3a7
clinic_inventory/models/procurement_group.py,19342,c8cd78ef6d706445b8ceb6e8bd6a7e4566b0b1c6034fa1802b66ef164f42612a
clinic_inventory/models/product_category.py,18403,028ed8940a87eff8d5b5986305956c7f7a3ae456e0be72f653f5c6b03f9c9a1e
clinic_inventory/models/product_product.py,20025,c67e933734c86d0f6e62e9ea1467643eb9e8af989da2415fc45bd8e55281972b
clinic_inventory/models/product_template.py,24839,f221f9ae2d6864d8caaf69bf6531b46d40284a8ec9f4fac2edf1eed4f6382142
clinic_inventory/models/res_config_settings.py,17362,183eee2089ffc6506057cc68d758a7949e9dc3c60557d16c92d234d28d37a303
clinic_inventory/models/stock_location.py,17901,af103368703617a9c2290b41c91ce7841b9d9a0d6a491597b834e49207bc0cf9
clinic_inventory/models/stock_lot.py,14807,16faa7d27a7b1b0fcf160ff79364bf96757759b85a879b308bbb7c64fdfea761
clinic_inventory/models/stock_move.py,14421,815858e9e5e27429da5a9075807fcdaea54442b00d1c16d6f63447489b10c336
clinic_inventory/models/stock_picking.py,15288,05dd44d5cabed57476cc11a2ae2c7922efbf423efad2efd9acef9c40b08668fa
clinic_inventory/models/stock_quant.py,17069,bb7dab3a64d32ddefd5984562003d6691ad7932f5b7e2bc11d262cbf57f057f1
clinic_inventory/models/stock_reorderpoint.py,21282,df9e93f21b2c12474eb071c9317886c01b699826d517cad45e2eda1365adaa0d
clinic_inventory/models/stock_rule.py,15615,98759203f91ec6027376234cd837672d9210c7abf5889bfb56d1e26dceac263c
clinic_inventory/models/stock_scrap.py,16055,bfdb30d7c94e3a09f84b833941f247f94bad8e607e2eb2e3784441887f99453d
clinic_inventory/models/stock_warehouse.py,19596,3ad5a821acb28d12de22a17c135887df71b88e181137f0baaaa1cf419fb91a7c
clinic_inventory/models/treatment_product_usage.py,26461,d4631589deb71f05dad42bdcf66ff685900002f0a9bff54593bcde5827bf50fb
clinic_inventory/security/clinic_inventory_rules.xml,3021,8876a077789c8243600749d38079fba5dc2ec3a439c1e4cb5ff3774da0259f58
clinic_inventory/security/ir.model.access.csv,2065,76c20553ab68e9bcef03844a64505d4e793c329c1c8603babe4ef75d92a7d96e
clinic_inventory/static/description/index.html,8788,131099f9d3b0f6749614529730307db21a8c39957e3199be860f6c81f85b9f27
clinic_inventory/tools/clinic_inventory_guardrail.py,32800,e273e0a2fb24a13121cb6402acebdc43770532c63833fbef603a58d2c950c1da
clinic_inventory/views/clinic_inventory_menus.xml,1926,98a7aed540639f9e5e8409eb47a37b71207a5b1f3fa156f9ced34052e0aa5fce
clinic_inventory/views/core_inventory_extension_views.xml,10544,bf981c93f30a78e54a3095d5d64d99bae42db8dd99b8a28e25f9601081fa3e35
clinic_inventory/views/doctor_allowed_product_views.xml,4785,f2eee1d68e17bca97909a40e944111e23f62e34065b366e4a96f86e7b4c28fdb
clinic_inventory/views/integration_event_log_views.xml,3941,5174bf5055770819a76987c24d73f2f2ba4cd214b22a0b62d163114410888786
clinic_inventory/views/inventory_adjustment_views.xml,11425,1f1c8cf7e1730d5fd6e5797fad390db69770d0cdec36029707a3eab6cafb7b99
clinic_inventory/views/patient_product_history_views.xml,5513,c96805bb4ad936e41fed36b8ddb99b519d8736d24b358b794bd9c6c9c0299175
clinic_inventory/views/templates.xml,633,1327ee3ed2b2b1307b8ad12b7fed496f65837f3478ebbd20749ec6eb3d639128
clinic_inventory/views/treatment_product_usage_views.xml,10845,f5ce79cc7a52c33519f25cc97bf437481a643fa82d22faa4d9887c99d4a4881a
clinic_inventory/views/views.xml,1952,e2ee47a4259f94121fef4702d154705b6f2749af00601cd6b9d587c25d6eeee3
clinic_encounter/AGENTS.md,1366,8b7e19fe51ddfaf5eff2681ec92e6d528d96b5bbf952ebf5be1dc2161023318f
clinic_encounter/__init__.py,108,6b0b18fbd3ee4b737edd5943a3d8fc3a02c3fe5291694da65f96393d2547ddc3
clinic_encounter/__manifest__.py,2549,0d2bf4bdd044cc67dfc76381586f44e98fc43483ab4aff3622f789497b23bc35
clinic_encounter/controllers/__init__.py,52,ddf24cab455dcfeb1498fe225d01e3407cf7ef5e12501d9f0e621db87473e308
clinic_encounter/controllers/controllers.py,836,10d352ab13d0cd878bac702e09227f005c2d06df3601da9fcc1e334218fcfbf8
clinic_encounter/data/clinic_encounter_mail_templates.xml,978,02b8ac910ae623f29f03a7b7fe74a364bc8a555e1f75b655b14422bb898b289e
clinic_encounter/data/clinic_encounter_sequences.xml,3870,feb8d839097aa648cd0e1f68aa6c6c6eaaa57dee5cfcd41f544c12fd3c578a89
clinic_encounter/demo/demo.xml,48,c3744bcef962c0d0654aff105a9c56690b1efbbed640df86431679fe71170189
clinic_encounter/docs/CLINIC_ENCOUNTER_BASELINE_CONTRACT.json,37959,3b56e967961ea0e93376107c896e7828a6ae1d7483a103222e93764a6242dc2f
clinic_encounter/docs/CLINIC_ENCOUNTER_ENTERPRISE_COMPLETENESS_MATRIX.md,1387,e66dedc120e4e2146ef67577e23ba37077ae3e445d42fcc5cde47e42ef01b1e6
clinic_encounter/docs/CLINIC_ENCOUNTER_ENTERPRISE_DEVELOPMENT_GUARDRAIL.md,3997,29b325b5415136dcf2abdff23e330d5241f71acf847d8e4b45932cfe1d08d20d
clinic_encounter/docs/CLINIC_ENCOUNTER_ODOO19_HARDENING.patch,367651,30848f1c739786dec7a917fc063a95f07109f4203bc5ee01996f684100b83a03
clinic_encounter/docs/CLINIC_ENCOUNTER_ODOO19_REVIEW.md,4376,7e8db7ba645ef3eeab0af95656557d3c3a8ba1f49091695879cc4e712340b6ed
clinic_encounter/docs/CLINIC_ENCOUNTER_RUNTIME_FIX_M2M_RELATION.md,1915,4510fccfe4b0027fc3cf524823eb8a2568af9b768ab0e515302edc80f226d3c8
clinic_encounter/docs/CLINIC_ENCOUNTER_STATIC_GATE_RESULT.txt,1502,496d811fa874aacd19c96ecd2f2b4c98fa6050479ecd0902bb15d8da1948d144
clinic_encounter/docs/CLINIC_ENCOUNTER_STRUCTURAL_INVENTORY.md,4990,39f44260028d9f4464424fbf713c34f749335194ad9ed1764bd18d0767580930
clinic_encounter/docs/CLINIC_ENCOUNTER_UI_UX_MATRIX.md,5096,c5d92aa3108f22e431547ccb4efc1927e50a92a3525a63a7309d248dded2d083
clinic_encounter/hooks.py,939,ba4e0faa38ac1946d50ac3dbcda02669f500bdfe7ad3677de1293e4e5dc0834d
clinic_encounter/models/__init__.py,1240,0ce141f379f7c86c1d39cdf576d07686a7c34bda560cba478ec3b5c00c290ec2
clinic_encounter/models/adverse_event.py,25631,181bee1b474a099b33af591965063b0d01cee8b2cf93cf8c206d5a9ebc43037c
clinic_encounter/models/anesthesia.py,36049,e736c7a972f9aada42fb1511cd90ec5743f01b45c68c22bd3027f37e47e43cb8
clinic_encounter/models/checklist.py,34550,29b326d47dc9e14cdfffb35fe070e7b9e3cf1209e5ce52a21c1b3767a5d1c2a3
clinic_encounter/models/consent.py,27646,36f7e4b44274abf3d5d894add268c13b48ed2939052bc984be59362cfb541e56
clinic_encounter/models/diagnosis.py,20260,9d87ea1608bd3213163947cf134c91f1b7c67e80328d2a013a47eb8826aed53d
clinic_encounter/models/encounter.py,22906,fb05ac9595e2e9947ac9cb2a54af3185a394a2f7fd943a641bf7cc55a0c98182
clinic_encounter/models/encounter_integration.py,240,9cb0816ba896a527545efe37d59ec5594e6c980200155699055d6fdf0c1be78c
clinic_encounter/models/encounter_procedure.py,24818,7629d961b1987cd06d139967fc802d84b5e0182ae0e05071685c449fe3b31c81
clinic_encounter/models/encounter_stage.py,11653,834337dbb5fe82d3c692fd3524a2f43f368867a85f400c5b656ecbd1e52eb291
clinic_encounter/models/execution_log.py,16855,07b33e93c496e0cf6d125bc1f1bcd63ffc21e4c34f85d4925280340970578869
clinic_encounter/models/mixin_audit.py,24045,24233584accd4154622cf39968c4aacaa7ab7af086fbf6b66ca3efa0bc0f43c0
clinic_encounter/models/models.py,512,b21546980b0e6177020540b5a0845ae1a252295bd4bb2203955e3c72f7a451f0
clinic_encounter/models/navigation_helpers.py,3654,cfb845f1d2b7511194e54d467e4284fe5d434dddf6f5326713479d7e6253f51c
clinic_encounter/models/procedure_catalog.py,20326,81e0ad8322484fd746ecdaf1a1a29529479c018c2f577ca8bda899b75d40e4ef
clinic_encounter/models/procedure_session.py,38252,52cd8fe1b611fadb329233be50c20b2e1172a6b457214006fb2f61e5973f1ce7
clinic_encounter/models/procedure_step.py,14801,672e259697b820761ea3977aa08d58e994b62b30ec9d900a8926a4b6e650b650
clinic_encounter/models/result_document.py,27908,752ebfaca1a9351bbb8d38f0a35925d9652093e2d1f6514dffd2292819c6c396
clinic_encounter/models/soap_note.py,21310,674742019ec120a8c5742258d052679e5186f5a8223ea8ee93439e8f45ae0500
clinic_encounter/models/wizards.py,7872,1e26f65b5aadbb672fc61f8cc849d18499ea99eba26d3b0d3d63398b4b5c2d98
clinic_encounter/models/xxx_clinic_encounter.py,363354,3ab7d6ce1f9a51e8a64c17677b872b0a050925a9ef5b489df72b87afc4eca7a8
clinic_encounter/report/encounter_report_templates.xml,3615,362d6e25ca5136abd267412a88d97fe4c2bd067e1f636e71aeefab7a4ee19b3c
clinic_encounter/report/encounter_reports.xml,1255,a62fc14e2794ca6d8a755e97cdd7d11415aff64c478575e60f2bca2c4c3036fb
clinic_encounter/security/clinic_encounter_rules.xml,14789,7ad9858cf79451e1c39bb4aa3ffe57d1880fadc2b3dea08c2f2257869fbffe71
clinic_encounter/security/ir.model.access.csv,4980,72cc6183d202283423c2a64744df9f174e586b1b2b40a03e05e39dabaf1f6289
clinic_encounter/static/description/index.html,9975,fb2682179c0bd29b8cf41a86b733d0dab0cb438c3230b65608a58edcf5f65a7f
clinic_encounter/tools/clinic_encounter_guardrail.py,26509,4d3e7f9642d46794d04ca7f2d36adc753b6579289d251d1c946d7621646d4e75
clinic_encounter/views/clinic_encounter_menus.xml,4517,519a45895ec2deff5992eb6034c1bb194e4f1d6ced93704cc08617e72ae2e035
clinic_encounter/views/encounter_actions.xml,17311,8ad9e21c9cc083b224c6e40332f1f4e5568af1691b120bcf67ab439ec7dfa48a
clinic_encounter/views/encounter_list_search_views.xml,55083,fd7fa2e3c5c8860e8e721ddfdbdf10eae9e151d86d18bdc4c5417f2154a85e1e
clinic_encounter/views/encounter_primary_forms.xml,55116,d26ffc4870a3285e1f269aa23dc6d825497d579e46f8c1b0d9953e02d392a4fc
clinic_encounter/views/encounter_support_forms.xml,28002,df69bdcfe361b3b5320fe0f686001dbb7df6fb9e3e0b71618433559859214829
clinic_encounter/views/encounter_wizard_views.xml,2926,ef4c5220ffed654841418686e2fc4012109e00c0c5bfab7f0a6ea8f244a14214
clinic_encounter/views/templates.xml,48,c3744bcef962c0d0654aff105a9c56690b1efbbed640df86431679fe71170189
clinic_encounter/views/views.xml,48,c3744bcef962c0d0654aff105a9c56690b1efbbed640df86431679fe71170189
clinic_membership/AGENTS.md,506,eaeb665a6bb51bb0b61406e7517e2b282177b5e90f666507c832dfd17066c42d
clinic_membership/README.md,3558,255c587030cff04e710124721db6d80e9b54c68b4065490c0a22405db31d51fb
clinic_membership/__init__.py,71,b4654e61a9fe49484765de046fb7d92fcc3271d42b583ffca919cb3d36a04b2d
clinic_membership/__manifest__.py,2797,394d066d9e2ab8e74fe2ad07c86569ab0a836af363ad4e03fa570e30e94fcd54
clinic_membership/data/cron_data.xml,1779,cad41079353e345ab15acbb097f0998e02b2b44d82d8b6ac3b179e651b917cb9
clinic_membership/data/optional_view_bridge.xml,136,1fc1cadf28f773c46a26311807c1d34fb2a1db82842889596f1d8a66056873e6
clinic_membership/data/sequence_data.xml,1833,99d9c4bddccac66648bf713e94117e285a86c6fbf73d9067aebd4adac6b4c7fa
clinic_membership/docs/BASELINE_PRESERVATION_MATRIX.md,530,1ac7e10437a1731a6911c088964f925391ccd0f1400d41269c9a52878aa48f9f
clinic_membership/docs/ENTERPRISE_COMPLETENESS_MATRIX.md,452,bc379363fc209e48ab65980b0b9cbd3b3bec9d8292f6f53a45b24745ac05afc3
clinic_membership/docs/ENTERPRISE_DEVELOPMENT_GUARDRAIL.md,4406,23440a1c859bad83c4b3436aabeb69ebe3b9d912275aebc333e5953370e1db93
clinic_membership/docs/INTEGRATION_CONTRACTS.md,685,602a11f59273c3668d5e41f10412d7e3502d7478e04401a112e30a630abd0c31
clinic_membership/docs/RUNTIME_REPAIR_19.0.3.0.6_MEMBERSHIP_PLAN_ACL.md,1304,9f75af3eeda58091969e36b6d5f368346692f3a5868454400fe95c98927845d1
clinic_membership/docs/RUNTIME_REPAIR_20260818_01.md,1294,fb1ebaee901ddaeaa16b234297417fcbbea351cd5371bcfd227aea1de4f33405
clinic_membership/docs/RUNTIME_REPAIR_20260818_02.md,2003,79d9c4d9b68b898e93ed74657b0c4deea023c5a49b47f915d0b9802214c41002
clinic_membership/docs/RUNTIME_REPAIR_20260818_03.md,1568,d37b2ca2b046bee485d7775051dcd457334c7d7a4d470420ebc6694f2e9a6a07
clinic_membership/docs/RUNTIME_REPAIR_20260818_04.md,1538,3eefce72e5f28b5f03bc283ab7b44168eb628918062941ece080ba7a129be1ca
clinic_membership/docs/RUNTIME_REPAIR_20260818_05.md,1486,db29ece6990949f92209400b8f1c5ebab5623ca81ade14fc43dd0cc5099916ca
clinic_membership/docs/SOURCE_STATIC_VALIDATION.md,6184,8f802a07b8d3ff78b66deb00b1259006c26bac515255e8ba7ab3689a1314b35e
clinic_membership/docs/STRUCTURAL_INVENTORY.md,552,0b2718b030f7db9ac6ca71902d50acec3733691f41aeed9a7596ca78c9ac2b61
clinic_membership/docs/UI_UX_MATRIX.md,825,7b048dfc6bb008b10785c9e1a63833fc11bbd49c0f6f88e7bd17dfd027c4d8a4
clinic_membership/migrations/19.0.3.0.0/post-90-normalize_legacy.py,1056,0f0c3d01871ec4b6e1241bf60fded237370a01e936854e65568d1c10570e50e6
clinic_membership/models/__init__.py,540,ed715d0c2011a07b7dd4d953993ad47dd5a433d546829f83267448eebf15779a
clinic_membership/models/booking_bridge.py,6051,feecb43600ff3ef1b0e8440ce70e3415108643f65a7d86392613dbbbafc402a8
clinic_membership/models/clinical_source_bridges.py,5811,e9a90d0ba88c9e52d41987d23616712889ccc129554876ce122b8dfa11867ecc
clinic_membership/models/config_service.py,1906,f85abe2b45f8b336b07367a50d085814b6a71035e77f7de100e7b70c97f2efa2
clinic_membership/models/integration_event.py,5561,def59e392ad9b0549692110de404468797748c2e682b12f461b435addc54ec85
clinic_membership/models/membership_benefit.py,15567,eec9f0d63aff53800c7b7655863904a040af0bc66ca396d8c7e113935116f6ad
clinic_membership/models/membership_contract.py,28399,84191eadf443e01b4df9cc9dfa486f373031eef0314f621928b79e43286b1e66
clinic_membership/models/membership_contract_benefit.py,12504,6400581d2a7a121e2ab65e18fbaa8e578f7a529ecb83737c24b7e7370b99ac29
clinic_membership/models/membership_hold.py,11085,9399bab6aed5fd3ce92901431702c72ea6f924bd2b089e5021dfb5e067bdb9a0
clinic_membership/models/membership_plan.py,14504,c4a5dffa0ddb9c674a2fdf1c5ba7289749b45d4e3617722d24060d3d66b6ec24
clinic_membership/models/membership_point_tx.py,14537,5ec6c699218b002938478e9d23c502367754e8f49254563bfce2c6072ce1d040
clinic_membership/models/membership_usage.py,20046,52bf7db9e6ef553e104d6a9cc7f86573d26cd9dc6fe90b26374d769342e8c6c7
clinic_membership/models/membership_voucher.py,15756,1a7b0ddf4d4c71039269af19dd4e07d1e353fe00de1a5b710fc01a2e263c49c0
clinic_membership/models/mixins.py,2088,a311137dbb885e96776610580c8a6bfc74c2d61d9d9a70ee48eda223fcd571cf
clinic_membership/models/patient_partner_bridge.py,6440,f5773504ae4a468bac12a8174be48b0c5a5e70cb2311eea7aa1b0804b86dde26
clinic_membership/models/res_config_settings.py,4183,170b1512efa09720f190993e94acc2208d659d97c1d852f5adfb33fa7f97ac57
clinic_membership/models/ui_bridge.py,5347,5d57a0ab22b251e38ef2ec64cdcd4ceafb3befb55f0c01b86864558e9d484585
clinic_membership/security/clinic_membership_security.xml,5061,3c621ab2a2b60c9cd06521ae0bc550d782eac67267088933d1a698d85165855a
clinic_membership/security/ir.model.access.csv,2888,36fa280e5ddd4dae2cc87499f4e2f1fe0d37a9596d552ceae8ae5965a969b8f8
clinic_membership/static/description/index.html,297,44485beb4d32e20fdcdb3bb874487132f71914bc7304eacf4b0d8135b7f31e98
clinic_membership/tests/__init__.py,46,6693b786034a5abc95b04d1b08517aaa8acdcc0a777f763162964f3b13131d23
clinic_membership/tests/test_membership_enterprise.py,10195,c9e47bfd64bb12e9c056c82314b97c61bdbde57c8e84c6f49785940bcc9ac2e5
clinic_membership/tools/clinic_membership_guardrail.py,18475,d7b5aa0a91dd82ee6594ce3d82f6795eb87b448fd37485f6fdd0043b88d22194
clinic_membership/tools/windows_install_clinic_membership_v6.ps1,1236,26ac85501e6f428eb033dfe48687d5768c20b79fbf857f9d6cd18ad5f75a9ba8
clinic_membership/tools/windows_upgrade_clinic_membership.ps1,1145,777635d2b77e72ef19a9b53e0436079713c593002abe04e032213acd96052743
clinic_membership/views/benefit_views.xml,5153,aeda6c68ed33da374fa83c154e67c3aaa077a9df4455eea2d8ed06b76fc5cfcc
clinic_membership/views/contract_benefit_views.xml,3967,4ed3684b03be81592bedecf9b0e1c679384778a4745d4103afe1fa5d75c0f746
clinic_membership/views/contract_views.xml,9825,576069111a57d348b7249b23a61bd83de30480e941e4c8b667adb7a3b91b4b6b
clinic_membership/views/hold_views.xml,4774,5ef23499089eb2e91b7f61f36a7b5e342fcd674b1a106818808dcdf6791befdd
clinic_membership/views/integration_event_views.xml,3664,29199427523e8e8c13b8b05eefbb6aad020954cb606e03384ebe79fbf7214a3a
clinic_membership/views/menu_views.xml,2318,36b4120f7aa3ad66076a561b76e47ff7d4ecad47004606edd2e47008535783d0
clinic_membership/views/plan_views.xml,5911,a3203418a6c5cefb9275e8bdc6edede04e952c931035a18b0a76d8678e83abcb
clinic_membership/views/point_tx_views.xml,4414,98bd0fc174f2f2aa04ed07ba8e82891b5943d8841934a95b968e91210f74f37e
clinic_membership/views/res_config_settings_views.xml,2033,c6aed0b2506366c25edeef0c3d812aef32ec148b1feba9ac0031efbac892dcd3
clinic_membership/views/usage_views.xml,5537,a22dc660ca8bfe813a287b5dac36aa095f00d433fbde5d5bca1b74629340fc4c
clinic_membership/views/voucher_views.xml,5273,43487375bf905250bf658a7b5a88333c9901618a12b09c8230b56e4ff78543c4
clinic_membership/wizard/__init__.py,109,6f214601637b1f0ba23c5cbcb87b4490974f2e84e589b2749d90b74567a46b29
clinic_membership/wizard/contract_renew_wizard.py,2503,960704d1c59ea294c8e1d00e6fce55116e47a1491218b3722dc03bc2e4843789
clinic_membership/wizard/contract_renew_wizard_views.xml,914,060f5b1e86685e5e78863f823e4544b050992ede5711b1167fc4b5ada9701b7f
clinic_membership/wizard/hold_request_wizard.py,1084,d52bc7f50d2cc771ca4d0cad824c0cfdc22ae374c60803cf75b7f887f571c156
clinic_membership/wizard/hold_request_wizard_views.xml,818,54fb553b73cac7692da36e0ced0651026d1d0d307c6ad32693d748a4a17578f0
clinic_membership/wizard/point_adjust_wizard.py,892,3743714cb5ed5c54ebaec3c3f5c23948e536c6a8d702a4b4ad34046443d80485
clinic_membership/wizard/point_adjust_wizard_views.xml,766,783df7e51235f6f854465d3cdafef6d7ce19293df28eb6592f18cfe7579993b6
clinic_wallet/AGENTS.md,1471,a052713a1f2a2abbacacabbc9383be17831327fb93d87bcc465485f3444520fb
clinic_wallet/BUILD_ID.txt,173,e337c7d22ccd7ad1829044413a9b80cbb8b88425fcd426436a2b60d5d51e1abf
clinic_wallet/README.md,1284,d140860ba26b7439f4e44696dcb5c5e9ae0d906842bf2cc86ee666452308a82e
clinic_wallet/__init__.py,72,62fda690e4deca88b0ef4a342e8fa51f581fafac91e4e74fcdb6f09d5661bead
clinic_wallet/__manifest__.py,2689,95d0437fc24d62531f5ff0d485e89323cca6c9a6be53bc49d1425e793981b9d1
clinic_wallet/controllers/__init__.py,30,e324619386194dd43c5a6e495486ea5dcaa9712aed737ed5397f880b38bdd4d1
clinic_wallet/controllers/controllers.py,3140,e153305b9f71743fb1c4904c63102ccb1c2105248a7c2485e1d538cab77c0e90
clinic_wallet/data/wallet_cron.xml,972,878bb85d9cf3185e528e729c26c1bb024f93254054326e79af90b7ab9223cd53
clinic_wallet/data/wallet_mail_template.xml,1125,0637e0475ae88ec86ae7f7e547e672781b79177f494d414ebbdd7410127a2e1d
clinic_wallet/data/wallet_sequence.xml,1057,7dc4c629eb72733ff2a7ecbf3670a0413384bbabfcfde48e07198da90cf5390a
clinic_wallet/docs/ENTERPRISE_COMPLETENESS_MATRIX.md,1557,58fdfbeb874f588d08fa8ab0f9c1804a943b49bb8793316cc72d9bde65c89a0f
clinic_wallet/docs/INTEGRATION_CONTRACTS.md,1803,d211813c6b4a91b8f93095154fe3d8cf73d0f369effe39f5982934cdeca8bf1a
clinic_wallet/docs/RUNTIME_REPAIR_20260820_01.md,1485,433deaec7f83ece5b6b9d588312d1405c409e7449405a9f44c03acf4651ee261
clinic_wallet/docs/RUNTIME_REPAIR_20260820_02.md,1550,b4b16248841906ec8e36afc74f9a724c2d7b95c62af99ec0e8b6d7acef254388
clinic_wallet/docs/RUNTIME_REPAIR_20260820_03.md,1231,7a04a2f16866a4a1b0b9084469d9ef7e072827428823ad70c45db61bd626c56f
clinic_wallet/docs/RUNTIME_REPAIR_20260820_05_ACTIVE_FOLDER_VERIFICATION.md,731,7c11a309c66702ca99600f2eee1d96e00183c6771912d7a25aba1e06e17dd7fc
clinic_wallet/docs/SOURCE_STATIC_VALIDATION.md,3373,ff644a7c057750e05a30b6b484ff2ff31d401c2c098c579197bbfb35aded8231
clinic_wallet/docs/STRUCTURAL_INVENTORY.md,1624,d937b2639b9581466cb418ada7a31d58a5f7ee986a18e5851bc74145bb6e5b5c
clinic_wallet/docs/UI_UX_MATRIX.md,1040,4381cdaaeae5a8d36d1f946e96b9a8e7fbcd7ee4dbde68047c2aa52f948a13a7
clinic_wallet/models/__init__.py,266,a0734059af4f8b90628057f3372d4c91989d6713991f98b3fe7690724bde38a7
clinic_wallet/models/clinic_billing_inherit.py,15989,3ae26bdab0b18ac483d08ae3335c3f4a29578055dfb3ee4f551221201da57790
clinic_wallet/models/clinic_settings.py,8006,b577bf0546ace7914be678607d385e247d7591699c914e1ea9b4283b3c2e463d
clinic_wallet/models/portal.py,24619,571f45547f74ca9270f87b6f4703b53e5ab5068d7b5f498cb79da75f4364b729
clinic_wallet/models/res_partner.py,9276,7ed89ad94f26ab06b16eabee4f887ff74c0f600a124d4dce9c3e14305a131713
clinic_wallet/models/wallet.py,26551,447dca94cb5d5616ab36d13ccd16ded4f6165759069a9feaad13dbbe1370312a
clinic_wallet/models/wallet_rule.py,19938,0f26c15ad299f8e48f73b798adc40c84baf59d963218f4e709633f88725cd16f
clinic_wallet/models/wallet_transaction.py,27092,169247cee317de73f0a055a274bb53c21905560bafe0f1c9a6e4b98306fb0e63
clinic_wallet/models/wallet_transaction_enterprise.py,1720,09101fa3124b9d0846e2c96e2044ba99878b24817a18762cff912e07baf2ccf3
clinic_wallet/models/wallet_ui.py,2668,b0b80f490edbffd895a56d17591382a72b0429d46110be13d11cafa736a395d4
clinic_wallet/report/wallet_statement_report.xml,683,e5585ba1f483bfc2d3423aad148c3a37aa682aa372f0de1badf38bfd0079bc9e
clinic_wallet/report/wallet_statement_templates.xml,3760,86196657705ce9e6839acc27aa6023aa12187120a21c8a98344a1420c996089a
clinic_wallet/security/clinic_wallet_security.xml,4913,12d7dbe689717fd054e159560ffaca359d670c0880ac5ae0aa65ca5d4a7c116e
clinic_wallet/security/ir.model.access.csv,1985,8a80f398dee6404d84de9b6bc8339d9c00309beab9ae8a3ac3dca8f588e43d19
clinic_wallet/static/description/index.html,8483,f00158794150ef4b1c18a649c214d817b0f07b5d11028d2f33ca7d1c31f4daca
clinic_wallet/tests/__init__.py,41,b6d89a3b48b643940ddc0e842195777da34dd09f5ae8601c2646a398b166f313
clinic_wallet/tests/test_wallet_enterprise.py,13696,004551034e555848144a0a15866a42605a07a80663b7a47f532556f6f7ff967c
clinic_wallet/tools/clinic_wallet_guardrail.py,15219,ea9352b8bda8c3c6441b6a75b552a04573d61e741eb7bcc7030d03b898e546fb
clinic_wallet/views/clinic_billing_views.xml,4175,4a7640791a5483bf92b3e4d2dfec9680e600ffdc2d8d6ac2a4ab3d80a3121d6e
clinic_wallet/views/menu_views.xml,1750,0507bc2f2312cf6ea845982b5ec2e012b8689248e86de5603ba22da68b2ee913
clinic_wallet/views/portal_templates.xml,4867,6894a7afef80aefe18b334bc82dd1c5e7f382b3a9c80ff881a945eb7fb3ca815
clinic_wallet/views/res_config_settings_views.xml,3662,b80c0914d501571555401a10af2f72c35f41606fa615cf32b7529999591330a5
clinic_wallet/views/res_partner_views.xml,3109,50b5090d121447595f89b05b380ae90954ed2fbf8c2a97c5e5585703c67aaaaf
clinic_wallet/views/wallet_operation_wizard_views.xml,1617,5b2175d4b7336303e74f1cfe9f8410cfcd02224d29fa68a32374a492739ee6c1
clinic_wallet/views/wallet_portal_views.xml,11431,ad145ac0b0138359ce86919bb7288b4d6937252eceaa94130b2e3af459df6525
clinic_wallet/views/wallet_rule_views.xml,6397,508708ea7c82c68ea8ca481f358cbd7e8651d2201bc8457c5ddab4d26d68d475
clinic_wallet/views/wallet_transaction_views.xml,9702,d2f72a947aa2863d833fd04dfaa0e6cd6c6c614cd8ebd302575d03259df7cc53
clinic_wallet/views/wallet_views.xml,11127,0e21ff3dc37bdf172ce8ef3fe6cdc790364f052686d8331fc687cf4d7bd588b3
clinic_wallet/wizard/__init__.py,42,e4ec9fc6a9d34f80dd827a9cbe5954bfb4780f736ab65103f327969a5af7f3d3
clinic_wallet/wizard/wallet_operation_wizard.py,2892,7c37f16d266401c50eaeaa2e905aa118a47690d819aae00baaf293c151326ed8
clinic_dashboard/AGENTS.md,1496,e5e150325a138bf4a86c63ea48816f525afcecc87e6a9fd7a8db69378fb9944a
clinic_dashboard/BUILD_ID.txt,280,a514848c635ce870ff9b49bc7094b78c5f413c35a447d164d8faaef59febd849
clinic_dashboard/README.md,760,415dac2fd4e1844d545ce8953c3d1d9e2a82fbb362087df2ee4d0795da264cd5
clinic_dashboard/__init__.py,57,5a50fcd8ec5df731dce2b9314cc15a222162a00e8a81d10f7af565a49a8a21fa
clinic_dashboard/__manifest__.py,2596,fa2a416544d9ca0718a04e0f23a870ad5f6bb347a51c25f46be22f8b9b21fe50
clinic_dashboard/data/cron_data.xml,1013,bbafe8f9b7868ca994ac8a7f25d2b08310544b72a45dee148601b9d189c96ec2
clinic_dashboard/data/sequence_data.xml,406,90f8d489c78bf78d6d026f3e9f231f2d436811d2c664c47daa23a2611d967f88
clinic_dashboard/docs/CROSS_ADDON_CONTRACT_AUDIT.md,2500,15e603a0585d661b7156948546398c4bfd1bc22facf93ab820a8cf6ce0602869
clinic_dashboard/docs/ENTERPRISE_COMPLETENESS_MATRIX.md,1739,72f9f991b527156f578e3b9124bfd782874df6db251b5d8f5ac65dcb56abc59f
clinic_dashboard/docs/FULL_STRUCTURAL_INVENTORY.md,1754,37722c2eb37ac0efc34c58fc94fe1214473e660eb9d16567eb41d83f571f26c7
clinic_dashboard/docs/LATEST_BASELINE_AUDIT.md,1521,ba82096d6d21033aa0e35bd8f3bc722d4f0a39a1623352be59c6860d2e502519
clinic_dashboard/docs/PROJECT_IDENTITY_PREFLIGHT.md,1304,e66e060af4fe76de30064004d1f7c3ff86b2ff4204f17aa9639d3758d835f988
clinic_dashboard/docs/SOURCE_STATIC_VALIDATION.md,2532,7ba0de70e58b204e26b73268219f063fc061790bab080734fa6aef4cab6cc30d
clinic_dashboard/docs/UI_UX_MATRIX.md,976,cda2f9251d3c38a9c93f9f329058e33bd228c043a195d2b090c3a7099d933f5d
clinic_dashboard/hooks.py,420,72ed2a71cc4cbc10cafd7c72b656c1778d162b6196719c40b54239394e473a33
clinic_dashboard/models/__init__.py,223,9c2935fb498e312dd09ccaa9de37ff2f113ad8465dcaf134eae36a9783d2cf03
clinic_dashboard/models/dashboard_board.py,31662,26bde5f4ba57a2974d13c1e5fa387c5a4a84616bb899c7595da38cc5acad59cc
clinic_dashboard/models/dashboard_defaults.py,9332,3f93429119ad6bddccf6de4ffe53f479ed4bea51bb7f4a6c4967002f63198da1
clinic_dashboard/models/dashboard_snapshot.py,14348,a81aec7a4928224d79d3ade0787c633520c0b4dd87a9d5273391c5160bff64db
clinic_dashboard/models/dashboard_snapshot_line.py,8269,e736d3d0f1fd747d6264facd0f5f55a0d173709bc6bab962b19d8cb5fc6ceced
clinic_dashboard/models/dashboard_widget.py,8785,b44294f0f6d6641d006a07bbbec99597b845cd1afcd8ac78f8a695e11c04b1ad
clinic_dashboard/models/integration_bridge.py,3146,2ec9a41969c80205fc7430b5106f614d51b46cc4bd3fb9b0a0d68b50405a2415
clinic_dashboard/models/settings.py,2722,73540dfad12aa9dec9872476139b8145f704f1aad307df0225126d9297203c4a
clinic_dashboard/security/clinic_dashboard_security.xml,3429,8cf43e2bbee9986192b9365ef2917461d68177391a32e359706cb02e7fe52471
clinic_dashboard/security/ir.model.access.csv,879,8516b46903191c0feccf5065b342514d1bfa6728e8c90cf041e00a86a8b126a3
clinic_dashboard/static/description/index.html,492,7e70edba66c4fc6b3344f64de04b1631df8de31e4a9bcae81f8f0797f434e211
clinic_dashboard/static/src/js/dashboard_client.js,7163,1fc9051bcce4f3da23372814344532d3bf3609baf0da37c8653824b6a399e983
clinic_dashboard/static/src/scss/dashboard.scss,1087,34e30e907926403abea631a2dd90a572690efdcc56f24c36fae9017a73444e22
clinic_dashboard/static/src/xml/dashboard_client.xml,11409,bfa324dc6e79649cc4e0e8e4788a5d072580fd20377c1c252c479efd493d3d9d
clinic_dashboard/tests/__init__.py,42,ff346f4655bb46135b8e724afa0bc563292fb6e50a44877c7d63e268d3ea44e9
clinic_dashboard/tests/test_dashboard_enterprise.py,51374,13802ab127ed0e2d0bd6c35027136e2e26134b2e50e43fe90f8d69e8b65239d4
clinic_dashboard/tools/clinic_dashboard_guardrail.py,23916,0fdfa2831680aa594afcad31ddb4fe841252f9fdd98efc646a18227486797128
clinic_dashboard/views/dashboard_board_views.xml,9153,28d7aec04045bd7a48289751523116109afd1a388f520ba2aba9a0b1e9b28264
clinic_dashboard/views/dashboard_client_action.xml,286,1314519e8e26bdd6a0708db98f8d840f2a7c7d20ad38e3f7b40d26b097a864f4
clinic_dashboard/views/dashboard_snapshot_line_views.xml,9364,e1e6153d18dc88bf82444482d151480d8bab278031637d0c4f8efa23b7002a54
clinic_dashboard/views/dashboard_snapshot_views.xml,13021,dd4af5d4d9a9e4e91c14d60c8ed7d12c597b2a7a9576657c7f55a65f02eefe3c
clinic_dashboard/views/dashboard_widget_views.xml,5927,0da5639b353b407e9190d296b247bb476c4d1b50be279c8da6a2064e214f3bec
clinic_dashboard/views/menu_views.xml,1655,3e87f64e52cefdb77e1bb134e43a8b617ec0fd5ecbb211ae790e489b8fac72e4
clinic_dashboard/views/res_config_settings_views.xml,2270,83f100c3e175cf1ea2d66dbc98a2476a5ce119ad4643d1a79bf8b71d72f8af75
clinic_demo/README.md,16041,e513db53ca6d6af36cb3c7dd85d892e61ea9bf26b979fa344bca2556efff0b24
clinic_demo/__init__.py,83,1b0e09bd6817fae250be94aa6595c3056550454aa32216ade5dbc3176049b751
clinic_demo/__manifest__.py,1759,eb65d6da50c0e1192776ac7852200fd7dbc5554f6fdeeb9adbcae17f10a63dbf
clinic_demo/data/demo_menu_bridge.xml,384,e8082570a0d344267017c63d8e2ac8400536fea4f3e9d6b245855ca5f34c47db
clinic_demo/data/demo_sequence.xml,390,b0078dce456bd057d03b5baf358c4c93998aa1bc87390ac5cbc4368933e3b25e
clinic_demo/docs/ARCHITECTURE.md,1358,7613f115624adb2517ec954aee7f262cf2c668bad911e6064e5c6b5d85f6e3b5
clinic_demo/docs/CHANGED_FILES_48.json,2646,9cc1efcfcd44b70735f7a62be8b50a8e7e675a9d461afed271cb59cb75d093b4
clinic_demo/docs/CLINIC_DEMO_CORE_PATCH_LEDGER.md,1663,76af7b2c1e167854794492efd6c5d8565bef6779614877c8be39268f0b3f0752
clinic_demo/docs/CLINIC_DEMO_DASHBOARD_COVERAGE_MATRIX.md,1320,f7f24cb09987262615fe4688e4eb6625331f5889bb4ed025a58ee14a175f7907
clinic_demo/docs/CLINIC_DEMO_ENTERPRISE_COMPLETENESS_MATRIX.md,2220,f5c93f42a89d37f56521e36ae9813a2ec8d5b606ba1ec55ac8b279bf30699349
clinic_demo/docs/CLINIC_DEMO_EXECUTIVE_DEMO_SCRIPT.md,5812,44c2d8f91e949d624c9e5ca0d5ffbabdcffeaf5176cfcc9c750f3ac0a4693408
clinic_demo/docs/CLINIC_DEMO_KPI_COVERAGE_MATRIX.md,2074,45f1b9d36c8c6827ea1cd2a23b464d49c3783e0e2316266047da0daea2d0a2fa
clinic_demo/docs/CLINIC_DEMO_RELEASE_MANIFEST.md,1766,cfe3883d851752e5e6ac748a33ec51a67f6c90fd68594ed8fc3230164d684080
clinic_demo/docs/CLINIC_DEMO_REPORT_COVERAGE_MATRIX.md,4059,3c151af65cd8d4b3fb0f48e34b310648281a1149df7ca2f37133b4fa6b965187
clinic_demo/docs/CORE_PATCH_LEDGER.md,30627,8ef7c2ed411e270abcbec6bdd9832ccf2152a5da800baffc50072b540b812ca4
clinic_demo/docs/FRESH_DB_REPORT_48.md,994,362c22818bfa7239450bf36a1150fabd89914cb0ae7c9f872689639ddae30c68
clinic_demo/docs/PROMPT_07_ENTERPRISE_CONTROL_CENTER.md,1196,fb56eb8aee894145917462b12fbd1988836c21a5b89d25def97d39c8380900b2
clinic_demo/docs/PROMPT_08_FOUNDATION_ORGANIZATION.md,4477,40b616957c0c6df6c8c77c1e2d2e0a16aed2bb875bfcd41983c666dd6b6f6200
clinic_demo/docs/PROMPT_09_STAFF_CLINICAL_PROVIDER.md,3452,113d2f437e6d6ac503103f94c8f01e2e3cc9c7978fea1c87f95d7702efb0e71e
clinic_demo/docs/PROMPT_10_PATIENT_MASTER_PERSONA_ENGINE.md,5034,b48b2e99a9e09cd934e99368795d1a8bf0d13fb15a694cac227f7ad2bc5b7d9a
clinic_demo/docs/PROMPT_11_CLINICAL_CATALOG_PACKAGE_CONSENT_MASTERS.md,3104,5d945fca3b9998c38af29cc0679b72a67c8bd30b17fc11e50d90c69b01e39eff
clinic_demo/docs/PROMPT_12_ROOMS_DEVICES_RESOURCES_SCHEDULING.md,3640,3a332df533bf4e53954fd81e4e14caf5ba6689cbfaef7aad200a2f223b10cd69
clinic_demo/docs/PROMPT_13_HISTORICAL_DATASET_ENGINE.md,4565,692bce15c2c9d090b0bb3127858b1dbdd76f47196f58f52ad5f3a42281e2252a
clinic_demo/docs/PROMPT_14_BOOKING_FRONT_OFFICE_OPERATIONS.md,4231,4be94f846e964ce621a1d9d561a3d8587ba2b3976b3cc2431bdf590d1004271d
clinic_demo/docs/PROMPT_15_QUEUE_TRIAGE_ARRIVAL_OPERATIONS.md,3835,b9b15e9d48f6b4eb495aece3460d67caa38ac439bf7571522f29eef28382151f
clinic_demo/docs/PROMPT_15_RUNTIME_FREEZE.md,766,5ff5c424430916f705b7801528c8043d3a6653b4a2960509cf2bf9837cb413f2
clinic_demo/docs/PROMPT_16_ENCOUNTER_CORE_CLINICAL_JOURNEY.md,2451,c64492d4a955d85eb93249ae538f6d72caf61959eb408afa463d7e9c4adf4daf
clinic_demo/docs/PROMPT_17_ADVANCED_CLINICAL_WORKFLOWS.md,3400,c12fa967fde35acb1bce52d5580096e0d957d817f91219219009a4870aec01fb
clinic_demo/docs/PROMPT_18_COMMERCIAL_FINANCE.md,2188,56b5ed7e796da271bdbea6a69ada49cae2052dc2d3de1563f1a55c9d4cf923d8
clinic_demo/docs/PROMPT_23_VALIDATION_RESET_REGENERATION.md,1884,13fced55b7c6213be7307016a252481735cd4e2dcfc8aff2a312ef97c1684907
clinic_demo/docs/PROMPT_24_FINAL_HARDENING_RELEASE.md,722,d012f81c236fa1a419c8aba1fdede0f11ec4849c62932630c0c75f0aa730451a
clinic_demo/docs/RELEASE_48.md,5466,c17bf57f07d783d6ed4ac69024075aa6e8c4e1f4bb5071ba1b8cff1357c9a855
clinic_demo/docs/RUNTIME_REPAIR_19.0.1.0.11_FUNCTIONAL_ACL_CONTEXT.md,2032,19333bee486e6b8bc04328d7eca3012a8296da4d46e66e868d87c39e87d43769
clinic_demo/docs/RUNTIME_REPAIR_19.0.1.0.12_MEMBERSHIP_ACL_DATABASE_DRIFT.md,1040,504e593924d8b07e107c4b1e910af1ed2e17f3156f6bd7a96ca8acc56dafa401
clinic_demo/docs/RUNTIME_REPAIR_19.0.1.0.13_PROMPT12_ROOM_DEVICE_SEQUENCES.md,1215,5fbbeced9af221bb03962750445b006270ac468f89223822bbbc2396810140f7
clinic_demo/docs/RUNTIME_REPAIR_19.0.1.0.14_PROMPT12_BOOKING_SLOT_UNIQUENESS.md,1123,ca54b56c1b819cf8547ea1aa032f7a31b5ac9517db9da33a50857c154ae970ff
clinic_demo/docs/RUNTIME_REPAIR_19.0.1.0.2_MENU_PARENT_DRIFT.md,1294,bd5eaa4c20193b16f093a7bfe170bc5a6c678cb1b6984607eb8a572d59e9ea46
clinic_demo/docs/RUNTIME_REPAIR_19.0.1.0.44_PROMPT23_TEMPORAL_CONTRACT.md,1413,fc77c718c7ef8e09fd68b5a8140cb658473ba6dc652ae0eedb1dd51da1c8bd62
clinic_demo/docs/RUNTIME_REPAIR_19.0.1.0.45_PROMPT23_RESET_COVERAGE.md,971,f63cf6337997f35ff86dbe1027d7b33a33360daf335c59899766db3edd92dc94
clinic_demo/docs/TEST_REPORT_48.md,1970,dd72348c433e6c58892a6200377a67565a91677e8955b4d72c961e142c211e70
clinic_demo/docs/VALIDATION_REPAIR_47.md,2464,9c9160ce004b2bfc6fcbf1b7eea032a15ede2c1b51c77da33ebf256a39c7019b
clinic_demo/docs/validation_48/clinic_dashboard_guardrail.txt,2026,2850ee802218fbb44c5a100acf6467c82f069fbb54105537ac99fc3403061a3c
clinic_demo/docs/validation_48/clinic_demo_guardrail.txt,1759,01e37bfa514a1c47cadd72d0c4ba346d0311bff13d519eee7907dd2167d4d05e
clinic_demo/docs/validation_48/clinic_encounter_guardrail.txt,1501,d5a8369db1c68bffb9845599a31085fb7bf0296e7f2450c86ae6427ea66c2c3b
clinic_demo/docs/validation_48/clinic_inventory_guardrail.txt,2121,42ea7d596bec6eec9a155879fc15dfa7d44a7649e430e8d26b952abf64a26761
clinic_demo/docs/validation_48/clinic_membership_guardrail.txt,260,cbca0606ce5535873fb2af6cba886ddeaf0872ddf8897e41284478e83f0e0747
clinic_demo/docs/validation_48/clinic_wallet_guardrail.txt,2040,91167f65791f4f8ceef6c54190b003f27aaa312ab8537f2f3d0f351a6042bcaa
clinic_demo/docs/validation_48/source_behavior_tests.txt,276,c747252d9e2d9e64558cf9540508699f8239df1f60b182c93c1f3096c3d8fd65
clinic_demo/generators/__init__.py,361,95e1da4af2aca033d207e29d0a48142b448d57fc582948d5adbb17eabd1777b7
clinic_demo/generators/base.py,602,107cbb6c417d77d373ab85a641259abf78d77a573e2abf6a5677c4e9948d9c7c
clinic_demo/generators/clinical/__init__.py,34,ceab9554b559ab1853eaaca9cea3ee993b2aa3f9505c3f0358912f9dc1588d20
clinic_demo/generators/clinical/advanced.py,36939,0b7bf2260a0c98865ef58f33731c88113b468a4987697ce419345b9fe8115d55
clinic_demo/generators/commercial/__init__.py,33,b520ae702a65701707811d21ea6b6b4b57ea898e4c8d71c7e292cff472dd1a0b
clinic_demo/generators/commercial/finance.py,20914,94f1e26c3eda0fa218c2c9055a89e05990d99ba9ee8e4e1d798045d322803621
clinic_demo/generators/exception.py,16561,fa01f4b0ef879d05f059fc8d42b7b43a0eb8ad895ccc040ffc5c724ae10a7a61
clinic_demo/generators/foundation/__init__.py,69,5c52be32e0acd558442ea8bd8629f69f21c979a948b73840f23a6e9219b7022a
clinic_demo/generators/foundation/native_odoo.py,7469,4d69858d12c2ca21e608409db13bf9658be8e9591aad2a7f30537c28e4079e05
clinic_demo/generators/foundation/organization.py,20637,de3cf622edfbf5946d9bb57463b4718202e736b3a29440031179a2e46957d963
clinic_demo/generators/history/__init__.py,51,b7ffcd3c2b489a50638df710a11618f4214a5a0d688f3ef19b34621acd29ba4b
clinic_demo/generators/history/patient_longitudinal.py,14878,13c8a620989be6465fe98a227e4aef99e714e7203fe4181ec0e5df3afc001729
clinic_demo/generators/management/__init__.py,61,af52dd630dd1e18f87dd5c479832297e5cf55a1473fbed2d81f047cb143153f7
clinic_demo/generators/management/dashboard_analytics.py,15114,8dce72abfe5e517dc024e06d502843b8ec05a9ee11ff79878c45d118d1ce5889
clinic_demo/generators/management/reports.py,12326,f7a81c17e4c24265318e839fd29ffcac66cfa3ba352b4c938607ba890eedb412
clinic_demo/generators/management/source_journeys.py,22578,e3295bba5e9c19c0f36b7f1dec20cd50fd6c57e907ef70cdbb9247cc21b5ee06
clinic_demo/generators/master/__init__.py,85,31235f40c53e5d0f86099499561188e45c4c13cd0651115121af50b309bf1cd7
clinic_demo/generators/master/catalog.py,27645,704540850115e9258ce17d213c457b336f7e8a8ccb452607636862b1b0623c35
clinic_demo/generators/master/commercial.py,31487,c366b274bd63ab9a3efded4a135bc6b31667129d53dcb0af3fa81d20c7c7d820
clinic_demo/generators/master/consent.py,11249,482a6806e48e02adf875283ea0e0b9351205930be466fe37fb2a1cd73dda7d6e
clinic_demo/generators/operations/__init__.py,173,8692cd7191d0479bc7675ddeb879ef89b8881340b2841d3903b2603d0c694f1a
clinic_demo/generators/operations/booking.py,16501,e7bdd50e15c86f864a3fac99034dc036403174ae376a94f996b4d896343280c6
clinic_demo/generators/operations/encounter.py,26864,d96a3915d6981b45a56cdd12713653ad5605980403bfc0db6a5c87f027986f15
clinic_demo/generators/operations/future_pipeline.py,8301,f836554c866bf9ee9504b18e632b15fa8bc9f9ef36c5df860aec40557d6140f0
clinic_demo/generators/operations/queue_triage.py,28303,329977c0f88d5d01205feec100475c9b2b5c283405cfa206c2b73c94dcdd8813
clinic_demo/generators/operations/referral.py,13737,026425871337b3db5559baac7247ed680dc43f7c2497cfdff6082ac811bad62c
clinic_demo/generators/operations/treatment_session.py,14602,d5ad51cc5ba1010fdbcf4669486074ba70d6a2f4a8d13b86cfa4d64a7e4543ca
clinic_demo/generators/patient/__init__.py,39,2a1011cd4ec9658299d9b16308a419daa227964cbdcab00cf6f2f0fe9a2a93a2
clinic_demo/generators/patient/personas.py,31886,97e636e6e4769e2d58c7b7e66946506b990867e41cf759585b9d306634e0c7ba
clinic_demo/generators/resources/__init__.py,44,852086df19ddcfc89f4c8952e7cda1aee6cdd526febc84c284ae6e3c3eea3b04
clinic_demo/generators/resources/rooms_devices.py,26545,052504f1b8015611e918048bbe79cf6b2fd172afb7f2235bf4ad5e30bfef9348
clinic_demo/generators/validation/__init__.py,30,da8936cd615886ca6177d469cf5be41655cad5b7c4f179b0e139a21725577e87
clinic_demo/generators/validation/acceptance.py,11743,030becfca4d73e6355017baeb84f960aace9dba2981315c1d8003a01fcfe6dbc
clinic_demo/generators/workforce/__init__.py,69,b4321459ede84ed1cc966a50f2f6a72e224c14916d75cf6b30865f6c8fcbb180
clinic_demo/generators/workforce/preflight.py,5396,6d3b9fa3b441477a23c97f2af7dadc50fb8f6e4f927602a171b0b56ee5da4528
clinic_demo/generators/workforce/staff_provider.py,24339,d72013fb39f714fccd54aba71d5cb386530b2a4a5ef457626f39ba234a11518f
clinic_demo/models/__init__.py,151,62f5e649edd3f50a9e9f418a5cce86a4a47b78631078b23db212339a4cf5d0a9
clinic_demo/models/demo_checkpoint.py,2911,7e778372e014fd6a099b49c14acf4dbb074318e5ad0a79f46485a1a7fc4c10ac
clinic_demo/models/demo_log.py,2155,51bff85583ffd8125406fbaa17791b74eaa28b32f6ac1ced03144fb8c9afb9b4
clinic_demo/models/demo_reference.py,4011,68a56253839de8238d37d6aea66b50ff3b99f7cef05ac48105d035a1620652d2
clinic_demo/models/demo_run.py,43430,194c85d2c9a902c33fa3dcfa7476343eaf2d8ff203ed90879fe23f898a0c2b60
clinic_demo/models/demo_validation.py,2220,b36e1d9b97c9b1d8f1f189c57d0e50d8ca4d6464c251a4d50672d6e5b5aed9e4
clinic_demo/security/clinic_demo_security.xml,3468,465d97311bbd45445d3bd32fc6fe5b191afd63c6fb3f4ef91bdc265dd4ae7455
clinic_demo/security/ir.model.access.csv,2898,8a505c982f4b26c5369178319a83ce471bff5c254cdb1aaade59d3f51ef12116
clinic_demo/services/__init__.py,543,f258f3918c7c17363e8029f3c94ecdc36ad28b9b7f8ca1597433067898414ec5
clinic_demo/services/checkpoint_service.py,2535,296ea3370f8384970bd891bffa0b52902299c30a05c57f987873c1898bab6575
clinic_demo/services/constants.py,2988,20a2a5d342106c5e4987f2235976835d95c907f07593db98e5936f96cbfd689c
clinic_demo/services/context.py,383,624ab9e0d5020d618901bf3be3515c8da581c1f3445f4fc30e87146339778937
clinic_demo/services/execution_engine.py,15721,b26b6bf6cce6f4d305d859098063963cff5664c4e3220a475a75133c5eb255e7
clinic_demo/services/fingerprint_service.py,4970,737684f062ca601a50dcfe2315a6eb371c77451a859e09ada46f76bd4a8c5c24
clinic_demo/services/generator_registry.py,1887,f8d54365c30d7f89c3366d9772926af37bdf0a05d3cba3ba315deed3b0352cb7
clinic_demo/services/historical_service.py,6740,5a6e9152d6903aa35a45a149f09d81baa33aa97c5259c3e8a73564b67051c9c9
clinic_demo/services/logging_service.py,1445,309d45f5939bf9cb913a951a8aeb8180a5a7198b912a5085e63aced9d8c2e67e
clinic_demo/services/menu_bridge_service.py,4755,1cb9e45295994c6a085c40741f9c069a1efe8ca35832964a65043648ce4efb8b
clinic_demo/services/progressive_adoption.py,2060,1f5bf995b4524f64ad35757b08b89b1d3dd076b9057aee2af746923f5b978278
clinic_demo/services/reference_service.py,7159,320636d55b70a501f764e31d0ade6abab920dcc7c63adf32503a3f1441cc213b
clinic_demo/services/reset_policy_registry.py,18295,ec6c2dba368fdfed9f43ab25608fc4afdb1bb6ed0d305e8f5c6aa89deda1a848
clinic_demo/services/reset_service.py,9329,d1a7c892c41e4aa3586d39942d45a3e7202b220bf4ffb84c977098579c9a422c
clinic_demo/services/safe_mode_service.py,1183,b3ea985f33af0bb75a958bc26b555d6c5efb2d4335c6682e42a3fbed0fe7d277
clinic_demo/services/scenario_registry.py,11015,9b148f5ef4523aa928c3f4db00d11f51e88f7e51ea26427254f5d3915678bd03
clinic_demo/services/seed_service.py,1308,7945e42a842634ee587656afd3a6b8a4bf6964d69198ac81d314f417864bab94
clinic_demo/services/source_closure_service.py,2659,f11c1de894c06c2ac0e18a6003c895ab59018789421c5c4345b797a6c3420df8
clinic_demo/services/validation_service.py,7210,a615225ee7bb16b1eeb3826b4dd8d324990a22e27f2f8b7d531031a990d5ae83
clinic_demo/tests/__init__.py,528,b7b4a30a7d45e4b48dc99439b74a0bd1f486f6f114b447f6a44097e25992263e
clinic_demo/tests/test_checkpoint_service.py,1359,de026022dbbb85656a0950042c5a0d5b13d83ed00434d244370a1d6089285dd1
clinic_demo/tests/test_control_center.py,1698,15b68c825d950716ea716a51389a5ffbfe95e009dec38f0d01bd05ce1b96a95f
clinic_demo/tests/test_fingerprint_service.py,853,ebcb8fcc845590d7000ec714dbc02b92967cd598cf30d03434778dc5afd984d6
clinic_demo/tests/test_foundation_generators.py,1656,d3551e4e00b7026c1eddbff952fe60ba7f1d4e3e9bc2aba3d019c2c036c5dd6a
clinic_demo/tests/test_prompt15_contract.py,3158,fe66243789714b66da336368bc74607b2ad9b716a19f3d429d64e83293d8ce0c
clinic_demo/tests/test_prompt15_runtime_repair_21.py,1684,84703f6d48d8f65e01655071e4eb04ad0329073f7fde1da4e58579d93ceeaf5e
clinic_demo/tests/test_prompt16_contract.py,2649,f89930f6b56e906706a51614b672db1d6bcd2e7238e986a4c105ec439436f846
clinic_demo/tests/test_prompt17_contract.py,9767,452e73ca2f2543457b22aab98cdb1528ee955f19f791816db65d1b08fb40fd5a
clinic_demo/tests/test_prompt18_contract.py,3643,44c30a2e2c652897b34f985f5f8d8cacfe76ff9fced247f392a2639afd5337fd
clinic_demo/tests/test_reference_idempotency.py,3092,fde4aa6a2dd1f0a81581a1f8fcfa96c046a0f3dea8f46207388ff49b0814bf11
clinic_demo/tests/test_reset_policy.py,2606,09b4d6c8fc86f4afc8593927cdbd2a608491d88a9c13ce5b5953ce6a37f087dc
clinic_demo/tests/test_reset_wizard.py,1149,fd2a369370cde871a6b5d40dc9b20a8bcf698512b7f042f89ae8cb953efde345
clinic_demo/tests/test_safe_mode.py,1426,f6e2a21389d035b525389874f6d2fbdac7e0c826b26ace3660227e6fcd1a1a9d
clinic_demo/tests/test_seed_service.py,801,72c769e4b105c3ec29eea0fb4061c49f7b0bc1e142e9921be99f1dda2f43d915
clinic_demo/tools/clinic_demo_guardrail.py,32365,ec8b4c2758ab830db8c4bb2bb6b3626cbd7363bb0795b444b14d19d393992dbb
clinic_demo/tools/test_prompt07_source_contracts.py,3554,a35160f7d85db59dae2bf6881c4df162050c1f3bbde5f982a5f6acfa5808913c
clinic_demo/tools/test_prompt08_source_contracts.py,5621,5d895f581c305fe739121c795ecbd3834f0adad65041c81851820d9b07d774fc
clinic_demo/tools/test_prompt09_source_contracts.py,6340,f0273779603253342ca551f66fbee2916efb097559270be743ded68ba8f448db
clinic_demo/tools/test_prompt10_source_contracts.py,8051,cd3606cbbe96749798e0fcae15ad7798184cfa201e87f3584c1f5703eeeccf97
clinic_demo/tools/test_prompt11_source_contracts.py,13486,8f3667606fa768ae894391da81068d457bc19acbc3a96d3d39f5a1fd33024795
clinic_demo/tools/test_prompt12_source_contracts.py,10194,646131c94b96caeaa3e2f57df46738cb39a31deead04623d181bbed7d3636b61
clinic_demo/tools/test_prompt13_source_contracts.py,12857,e74c1880efa4051dd1516cea1d1f3c6c7e8fd8ca91a9879647b5ee457ebae53d
clinic_demo/tools/test_prompt14_source_contracts.py,13743,70bdff382dbf178f7b372f5a44824a0b4eff7ea054ae66810a920545d41969a8
clinic_demo/tools/test_prompt18_source_contracts.py,3744,5fb156d6828a720ca333f944dcc6e737dab35797aed4135530b51e3491cfbffa
clinic_demo/tools/test_prompt19_source_contracts.py,2317,33d6aee3a202606a5f50c1ec2a0e370f8ebec5a2f8d3e63d10e6c67420bc4672
clinic_demo/tools/test_prompt20_source_contracts.py,2369,4e4448f84fee7003e975cf2b4379bce7a715d4bcafacd9dbe89c5bd38d21c038
clinic_demo/tools/test_prompt21_source_contracts.py,2538,074bd4b7155486ceea66d7791689740803e929fc099c25fb7d6337ce6e036098
clinic_demo/tools/test_prompt22_source_contracts.py,2714,618f32642b6009a4445c11732d41719a892368512b90ec04a931247b901f68be
clinic_demo/tools/test_prompt23_source_contracts.py,3529,7dd36abfe5de8fd8cf1872ed40f86b8ef6c3150fd7b5e15662d84743197c3938
clinic_demo/tools/test_prompt24_source_contracts.py,1653,0daac57136d84c8cd69c8746e5791515e27a229a4e9b7c580138e2b71c2e0f81
clinic_demo/tools/test_readiness_behavior_source_contracts.py,3435,2567cbf2044c857b9d9c17fb83a902c51fd5395d6c8177d8af2e9eeec244a3e7
clinic_demo/tools/test_source_closure_contracts.py,8196,b8a04afc9fa1dbabbc6c05d9972ce3818a1fde576ddfc3577f7b60636a4db67b
clinic_demo/views/demo_checkpoint_views.xml,5858,618dfb2958a6280bc5b1afd8c067d17f10fe01dcb6c94255f4d241b2b0f681eb
clinic_demo/views/demo_log_views.xml,4341,1e87ab9f6294660f19fef88f72acfdb783c4659e9e5bf3311aec956d2aeadf5e
clinic_demo/views/demo_menus.xml,1570,26d1d0f23af276d846118cf29c7a39138bf1cfa8980ef3b7f153f1e5e3d32b63
clinic_demo/views/demo_reference_views.xml,5627,411d473ea5c74c06b6efa739c8c9e83caad45ca4e6fe4bd743417752708dd577
clinic_demo/views/demo_run_views.xml,17953,f89cbea3605ac9ccd054f4929c98bddfd45af256fd3daeeb27b3b3ca80d0c5e3
clinic_demo/views/demo_validation_views.xml,4816,2d04c9f5c69f5ad099437fe5eefbac94079a2ba8c27ccb16f40e6a30d1eb1037
clinic_demo/wizard/__init__.py,49,24dd1249f68f409fde054e488d9617121f8f9ea1db3001da13fbe6596b6bf085
clinic_demo/wizard/demo_reset_confirm.py,4417,273668a3c9559226b7f111bf2cfbe3afb6ee3d88a8922b93c199f5841a22d61d
clinic_demo/wizard/demo_reset_confirm_views.xml,1798,50ad05aa73d1cb156890ca90e72a26346eeca9ccf41458563a0949c77ab744a0













